username,password
A00830001,pass1
A00830002,pass2
A00830003,pass3
A00830004,pass4
A00830005,pass5
A00830006,pass6
A00830007,pass7
A00830008,pass8
A00830009,pass9
A00830010,pass10
A00830011,pass11
A00830012,pass12
A00830013,pass13
A00830014,pass14
A00830015,pass15
A00830016,pass16
A00830017,pass17
A00830018,pass18
A00830019,pass19
A00830020,pass20
A00830021,pass21
A00830022,pass22
A00830023,pass23
A00830024,pass24
A00830025,pass25
A00830026,pass26
A00830027,pass27
A00830028,pass28
A00830029,pass29
A00830030,pass30
A00830031,pass31
A00830032,pass32
A00830033,pass33
A00830034,pass34
A00830035,pass35
A00830036,pass36
A00830037,pass37
A00830038,pass38
A00830039,pass39
A00830040,pass40
A00830041,pass41
A00830042,pass42
A00830043,pass43
A00830044,pass44
A00830045,pass45
A00830046,pass46
A00830047,pass47
A00830048,pass48
A00830049,pass49
A00830050,pass50
A00830051,pass51
A00830052,pass52
A00830053,pass53
A00830054,pass54
A00830055,pass55
A00830056,pass56
A00830057,pass57
A00830058,pass58
A00830059,pass59
A00830060,pass60
A00830061,pass61
A00830062,pass62
A00830063,pass63
A00830064,pass64
A00830065,pass65
A00830066,pass66
A00830067,pass67
A00830068,pass68
A00830069,pass69
A00830070,pass70
A00830071,pass71
A00830072,pass72
A00830073,pass73
A00830074,pass74
A00830075,pass75
A00830076,pass76
A00830077,pass77
A00830078,pass78
A00830079,pass79
A00830080,pass80
A00830081,pass81
A00830082,pass82
A00830083,pass83
A00830084,pass84
A00830085,pass85
A00830086,pass86
A00830087,pass87
A00830088,pass88
A00830089,pass89
A00830090,pass90
A00830091,pass91
A00830092,pass92
A00830093,pass93
A00830094,pass94
A00830095,pass95
A00830096,pass96
A00830097,pass97
A00830098,pass98
A00830099,pass99
